{
	"IcoMoonType": "selection",
	"icons": [
		{
			"icon": {
				"paths": [
					"M747.52 307.251l-471.040-0.051 235.52 409.6z"
				],
				"tags": [
					"arrow-down",
					"triangle",
					"down",
					"bottom"
				],
				"grid": 20
			},
			"properties": {
				"order": 1,
				"id": 203,
				"prevSize": 20,
				"code": 58880,
				"name": "arrow-down",
				"ligatures": ""
			}
		},
		{
			"icon": {
				"paths": [
					"M1024 397.050l-353.78-51.408-158.22-320.582-158.216 320.582-353.784 51.408 256 249.538-60.432 352.352 316.432-166.358 316.432 166.358-60.434-352.352 256.002-249.538z"
				],
				"tags": [
					"star",
					"rate",
					"favorite",
					"bookmark"
				],
				"grid": 16
			},
			"properties": {
				"order": 2,
				"id": 209,
				"prevSize": 32,
				"code": 58882,
				"name": "star",
				"ligatures": ""
			}
		},
		{
			"icon": {
				"paths": [
					"M276.48 716.8h471.040l-235.571-409.6z"
				],
				"tags": [
					"arrow-up",
					"triangle",
					"up",
					"top"
				],
				"grid": 20
			},
			"properties": {
				"order": 3,
				"id": 204,
				"prevSize": 20,
				"code": 58881,
				"name": "arrow-up",
				"ligatures": ""
			}
		},
		{
			"icon": {
				"paths": [
					"M1024 590.444l-512-397.426-512 397.428v-162.038l512-397.426 512 397.428zM896 576v384h-256v-256h-256v256h-256v-384l384-288z"
				],
				"tags": [
					"home",
					"house",
					"building"
				],
				"grid": 16
			},
			"properties": {
				"order": 4,
				"id": 1,
				"prevSize": 32,
				"code": 58883,
				"name": "home",
				"ligatures": ""
			}
		},
		{
			"icon": {
				"paths": [
					"M192 578.286v443.43c10.454 1.496 21.134 2.286 32 2.286h32v-448.002h-32c-10.866 0-21.546 0.79-32 2.286zM768 576v448h32c10.868 0 21.546-0.79 32-2.286v-443.428c-10.454-1.496-21.132-2.286-32-2.286h-32zM1024 512c0-282.77-229.23-512-512-512s-512 229.23-512 512c0 61.418 10.828 120.306 30.656 174.874-19.472 33.202-30.656 71.852-30.656 113.126 0 89.354 52.326 166.478 128 202.432v-404.864c-20.126 9.562-38.58 22.060-54.858 36.904-5.992-29.22-9.142-59.478-9.142-90.472 0-247.424 200.576-448 448-448s448 200.576 448 448c0 30.994-3.148 61.252-9.142 90.472-16.28-14.844-34.73-27.342-54.858-36.904v404.864c75.676-35.954 128-113.078 128-202.432 0-41.274-11.184-79.924-30.656-113.126 19.828-54.568 30.656-113.456 30.656-174.874z"
				],
				"tags": [
					"headphones",
					"headset",
					"music",
					"song",
					"audio"
				],
				"grid": 16
			},
			"properties": {
				"order": 5,
				"id": 18,
				"prevSize": 32,
				"code": 58884,
				"name": "headphones",
				"ligatures": ""
			}
		},
		{
			"icon": {
				"paths": [
					"M384 586.666c0 0 203.944-122.36 318.766-74.026 23.802-36.268 47.248-75.336 70.202-115.222-112.326-27.52-260.968-2.752-260.968-2.752s190.212-114.122 306.666-78.4c23.35-42.108 46.054-83.642 67.956-122.304-92.776-6.268-182.622 8.704-182.622 8.704s119.148-71.488 226.578-83.598c33.798-54.86 65.17-97.88 93.422-119.068-561 0-896 640-1024 1024h64l192-320c0 0 64 64 256 0 45.474-15.158 90.948-57.252 135.572-113.934-112.616-28.554-263.572-3.4-263.572-3.4z"
				],
				"tags": [
					"quill",
					"feather",
					"write",
					"blog",
					"edit"
				],
				"grid": 16
			},
			"properties": {
				"order": 6,
				"id": 8,
				"prevSize": 32,
				"code": 58885,
				"name": "quill",
				"ligatures": ""
			}
		},
		{
			"icon": {
				"paths": [
					"M512 0c-282.77 0-512 229.23-512 512s229.23 512 512 512 512-229.23 512-512-229.23-512-512-512zM704 256c35.348 0 64 42.98 64 96s-28.652 96-64 96-64-42.98-64-96 28.652-96 64-96zM320 256c35.346 0 64 42.98 64 96s-28.654 96-64 96-64-42.98-64-96 28.654-96 64-96zM512 896c-166.868 0-305.422-139.872-320-318.304 93.77 54.114 204.050 85.064 320 85.064 115.95 0 226.23-30.806 320-84.92-14.574 178.438-153.128 318.16-320 318.16z"
				],
				"tags": [
					"happy",
					"emoticon",
					"smiley",
					"face"
				],
				"grid": 16
			},
			"properties": {
				"order": 7,
				"id": 216,
				"prevSize": 32,
				"code": 58886,
				"name": "happy",
				"ligatures": ""
			}
		}
	],
	"height": 1024,
	"metadata": {},
	"preferences": {
		"fontPref": {
			"prefix": "icon-",
			"metadata": {},
			"showGlyphs": true,
			"metrics": {
				"emSize": 1024,
				"baseline": 6.25,
				"whitespace": 50
			},
			"resetPoint": 58880,
			"showQuickUse": true,
			"quickUsageToken": false,
			"showMetrics": true,
			"showMetadata": false
		},
		"imagePref": {
			"color": 0,
			"height": 32,
			"columns": 16,
			"margin": 16,
			"png": false,
			"sprites": true
		},
		"historySize": 100,
		"showCodes": true,
		"gridSize": 16,
		"showLiga": false,
		"showGrid": true,
		"showGlyphs": true,
		"showQuickUse": true
	}
}